date,open,high,close,low,volume,price_change,p_change,ma5,ma10,ma20,v_ma5,v_ma10,v_ma20
2020-01-10,16.72,17.12,17.0,16.62,82768.54,0.38,2.29,16.508,16.386,16.265,74723.74,65024.11,52714.15
2020-01-09,16.42,16.66,16.62,16.29,61817.53,0.37,2.28,16.404,16.282,16.233,67417.6,61276.29,50256.6
2020-01-08,16.41,16.58,16.25,16.21,52489.1,-0.33,-1.99,16.39,16.196,16.222,69570.83,61601.15,48476.48
2020-01-07,16.09,16.78,16.58,16.05,99526.24,0.49,3.04,16.42,16.17,16.233,75875.15,59342.09,48783.61
2020-01-06,16.35,16.36,16.09,16.04,77017.3,-0.39,-2.37,16.284,16.107,16.214,63787.31,52291.56,46664.14
2020-01-03,16.55,16.59,16.48,16.36,46237.85,-0.07,-0.42,16.264,16.089,16.191,55324.48,49278.75,44101.26
2020-01-02,16.43,16.65,16.55,16.15,72583.65,0.15,0.92,16.16,16.063,16.141,55134.98,48424.23,43114.97
2019-12-31,15.99,16.45,16.4,15.88,84010.71,0.5,3.15,16.002,16.037,16.083,53631.47,45090.76,40813.62
2019-12-30,15.99,16.09,15.9,15.7,39087.06,-0.09,-0.56,15.92,16.049,16.028,42809.04,40616.53,38478.01
2019-12-27,15.96,16.25,15.99,15.86,34703.14,0.03,0.19,15.93,16.106,15.995,40795.81,40393.61,38198.7
2019-12-26,15.84,16.06,15.96,15.69,45290.33,0.2,1.27,15.914,16.144,15.963,43233.02,40404.18,37746.98
2019-12-25,15.96,16.08,15.76,15.62,65066.13,-0.23,-1.44,15.966,16.184,15.934,41713.49,39236.91,37994.42
2019-12-24,15.95,16.08,15.99,15.81,29898.52,0.04,0.25,16.072,16.247,15.906,36550.05,35351.81,36153.24
2019-12-23,15.94,16.13,15.95,15.85,29020.92,0.04,0.25,16.178,16.296,15.877,38424.02,38225.14,36379.06
2019-12-20,16.35,16.35,15.91,15.9,46889.19,-0.31,-1.91,16.282,16.32,15.837,39991.41,41036.72,37460.88
2019-12-19,16.26,16.31,16.22,16.08,37692.69,-0.07,-0.43,16.374,16.292,15.807,37575.35,38923.78,38020.59
2019-12-18,16.57,16.57,16.29,16.2,39248.91,-0.23,-1.39,16.402,16.218,15.784,36760.34,37805.71,38542.29
2019-12-17,16.48,16.65,16.52,16.36,39268.39,0.05,0.3,16.422,16.128,15.783,34153.57,36536.48,38705.59
2019-12-16,16.41,16.56,16.47,16.3,36857.85,0.1,0.61,16.414,16.006,15.775,38026.25,36339.49,38730.44
2019-12-13,16.36,16.48,16.37,16.2,34808.9,0.01,0.06,16.358,15.884,15.769,42082.04,36003.79,38269.78
2019-12-12,16.42,16.52,16.36,16.07,33617.63,-0.03,-0.18,16.21,15.782,15.758,40272.2,35089.78,38380.4
2019-12-11,16.32,16.55,16.39,16.32,26215.08,-0.09,-0.55,16.034,15.684,15.757,38851.08,36751.93,38119.5
2019-12-10,16.35,16.66,16.48,16.05,58631.79,0.29,1.79,15.834,15.565,15.743,38919.38,36954.66,38338.62
2019-12-09,15.95,16.58,16.19,15.9,57136.79,0.56,3.58,15.598,15.457,15.725,34652.74,34532.99,37752.19
2019-12-06,15.48,15.69,15.63,15.41,25759.72,0.15,0.97,15.41,15.353,15.727,29925.55,33885.04,37245.66
2019-12-05,15.4,15.63,15.48,15.34,26512.0,0.09,0.58,15.354,15.321,15.775,29907.36,37117.4,39001.38
2019-12-04,15.15,15.64,15.39,15.15,26556.6,0.09,0.59,15.334,15.349,15.851,34652.79,39278.88,41000.74
2019-12-03,15.15,15.35,15.3,14.77,37298.57,0.05,0.33,15.296,15.438,15.907,34989.95,40874.71,41839.77
2019-12-02,15.55,15.55,15.25,15.09,33500.86,-0.1,-0.65,15.316,15.543,15.984,34413.25,41121.39,43036.94
2019-11-29,15.32,15.5,15.35,15.2,25668.75,-0.03,-0.2,15.296,15.653,16.043,37844.53,40535.77,44528.51
2019-11-28,15.55,15.8,15.38,15.25,50239.17,0.18,1.18,15.288,15.733,16.085,44327.44,41671.01,45536.83
2019-11-27,15.3,15.53,15.2,15.15,28242.39,-0.2,-1.3,15.364,15.829,16.111,43904.98,39487.08,45670.37
2019-11-26,15.23,15.66,15.4,15.05,34415.06,0.25,1.65,15.58,15.921,16.16,46759.48,39722.58,47089.5
2019-11-25,15.24,15.62,15.15,15.0,50657.27,-0.16,-1.04,15.77,15.992,16.22,47829.53,40971.38,50498.18
2019-11-22,15.9,16.03,15.31,15.14,58083.3,-0.45,-2.85,16.01,16.1,16.285,43227.01,40606.29,51953.97
2019-11-21,16.18,16.25,15.76,15.68,48126.86,-0.52,-3.19,16.178,16.229,16.322,39014.59,40885.37,51971.68
2019-11-20,16.19,16.39,16.28,16.03,42514.9,-0.07,-0.43,16.294,16.353,16.339,35069.17,42722.6,53991.05
2019-11-19,16.27,16.65,16.35,16.15,39765.33,0.0,0.0,16.262,16.375,16.359,32685.67,42804.82,60697.55
2019-11-18,16.0,16.39,16.35,15.98,27644.68,0.2,1.24,16.214,16.424,16.362,34113.23,44952.49,64505.9
2019-11-15,16.34,16.53,16.15,16.05,37021.18,-0.19,-1.16,16.19,16.432,16.327,37985.56,48521.25,69580.21
2019-11-14,16.03,16.36,16.34,16.0,28399.78,0.22,1.36,16.28,16.437,16.328,42756.15,49402.65,77783.41
2019-11-13,16.01,16.26,16.12,15.87,30597.4,0.01,0.06,16.412,16.392,16.261,50376.02,51853.67,78721.66
2019-11-12,16.21,16.39,16.11,15.7,46903.09,-0.12,-0.74,16.488,16.399,16.204,52923.96,54456.43,81636.43
2019-11-11,16.58,16.62,16.23,16.08,47006.34,-0.37,-2.23,16.634,16.448,16.144,55791.75,60024.98,81247.78
2019-11-08,17.22,17.28,16.6,16.46,60874.14,-0.4,-2.35,16.674,16.47,16.084,59056.93,63301.66,81861.08
2019-11-07,16.46,17.03,17.0,16.4,66499.14,0.5,3.03,16.594,16.415,15.999,56049.15,63057.98,82343.76
2019-11-06,16.9,16.99,16.5,16.47,43337.09,-0.34,-2.02,16.372,16.324,15.894,53331.32,65259.5,83592.65
2019-11-05,16.51,16.96,16.84,16.4,61242.05,0.41,2.5,16.31,16.342,15.77,55988.9,78590.29,83179.66
2019-11-04,16.21,16.85,16.43,16.21,63332.24,0.23,1.42,16.262,16.3,15.641,64258.2,84059.31,81619.31
2019-11-01,15.79,16.3,16.2,15.77,45835.24,0.31,1.95,16.266,16.221,15.542,67546.39,90639.18,80019.4
2019-10-31,16.1,16.36,15.89,15.76,52909.98,-0.3,-1.85,16.236,16.218,15.442,70066.81,106164.17,78980.69
2019-10-30,16.45,16.71,16.19,16.13,56624.99,-0.41,-2.47,16.276,16.129,15.358,77187.69,105589.65,78373.53
2019-10-29,16.38,17.18,16.6,16.16,102588.57,0.15,0.91,16.374,16.009,15.274,101191.67,108816.43,78218.15
2019-10-28,16.0,16.45,16.45,15.6,79773.19,0.4,2.49,16.338,15.84,15.17,103860.41,102470.57,75089.86
2019-10-25,16.0,16.3,16.05,15.83,58437.32,-0.04,-0.25,16.176,15.697,15.085,113731.97,100420.49,73900.18
2019-10-24,16.32,16.58,16.09,15.88,88514.37,-0.59,-3.54,16.2,15.582,15.006,142261.53,101629.55,73839.97
2019-10-23,16.8,17.48,16.68,16.0,176644.92,0.26,1.58,15.982,15.463,14.912,133991.61,101925.79,71203.32
2019-10-22,15.64,16.5,16.42,15.52,115932.24,0.78,4.99,15.644,15.198,14.793,116441.18,87769.03,65725.59
2019-10-21,16.0,16.05,15.64,15.35,129131.02,-0.53,-3.28,15.342,14.981,14.666,101080.74,79179.31,61517.61
2019-10-18,15.07,16.45,16.17,15.07,201085.12,1.17,7.8,15.218,14.863,14.582,87109.0,69399.61,56074.46
2019-10-17,14.75,15.24,15.0,14.65,47164.76,0.01,0.07,14.964,14.666,14.467,60997.56,51797.22,47561.11
2019-10-16,15.0,15.6,14.99,14.9,88892.77,0.08,0.54,14.944,14.587,14.416,69859.97,51157.42,47258.69
2019-10-15,15.0,15.12,14.91,14.83,39130.02,-0.11,-0.73,14.752,14.539,14.372,59096.89,47619.87,44999.71
2019-10-14,15.06,15.19,15.02,14.86,59272.34,0.12,0.81,14.62,14.499,14.339,57277.88,47709.15,46628.67
2019-10-11,14.98,15.05,14.9,14.74,70527.91,0.0,0.0,14.508,14.472,14.285,51690.21,47379.86,46320.53
2019-10-10,14.09,14.98,14.9,14.09,91476.81,0.87,6.2,14.368,14.43,14.24,42596.87,46050.4,46559.28
2019-10-09,14.25,14.28,14.03,13.8,35077.35,-0.22,-1.54,14.23,14.36,14.191,32454.87,40480.84,44767.82
2019-10-08,14.56,14.65,14.25,14.16,30035.0,-0.21,-1.45,14.326,14.387,14.176,36142.86,43682.14,45462.18
2019-09-30,14.17,14.65,14.46,14.08,31334.0,0.26,1.83,14.378,14.351,14.137,38140.43,43855.92,46373.66
2019-09-27,14.28,14.44,14.2,14.07,25061.2,-0.01,-0.07,14.436,14.301,14.073,43069.51,42749.32,46810.24
2019-09-26,14.58,14.59,14.21,14.2,40766.78,-0.3,-2.07,14.492,14.267,14.038,49503.92,43325.0,47964.77
2019-09-25,14.55,14.79,14.51,14.36,53517.31,0.0,0.0,14.49,14.244,14.013,48506.81,43359.96,49623.52
2019-09-24,14.71,14.79,14.51,14.45,40022.84,-0.24,-1.63,14.448,14.205,13.964,51221.43,42379.55,49328.34
2019-09-23,14.51,14.82,14.75,14.35,55979.43,0.27,1.86,14.324,14.179,13.914,49571.41,45548.19,50780.67
2019-09-20,14.11,14.58,14.48,14.11,57233.25,0.28,1.97,14.166,14.097,13.873,42429.12,45261.2,53735.69
2019-09-19,14.38,14.38,14.2,14.05,35781.24,-0.1,-0.7,14.042,14.05,13.833,37146.07,47068.17,54620.35
2019-09-18,13.82,14.36,14.3,13.82,67090.39,0.41,2.95,13.998,14.021,13.797,38213.11,49054.8,56056.52
2019-09-17,13.96,13.96,13.89,13.77,31772.72,-0.07,-0.5,13.962,13.964,13.748,33537.67,47242.21,55222.63
2019-09-16,13.8,14.03,13.96,13.8,20268.0,0.1,0.72,14.034,13.923,13.717,41524.98,48891.4,57218.29
2019-09-12,13.98,14.08,13.86,13.74,30818.02,-0.12,-0.86,14.028,13.844,13.671,48093.28,50871.17,60648.46
2019-09-11,14.25,14.25,13.98,13.88,41116.4,-0.14,-0.99,14.058,13.808,13.653,56990.26,52604.55,61205.47
2019-09-10,14.2,14.38,14.12,14.04,43713.19,-0.13,-0.91,14.044,13.782,13.616,59896.5,55887.07,60615.44
2019-09-09,13.88,14.42,14.25,13.88,71709.29,0.32,2.3,13.966,13.723,13.568,60946.75,56277.13,60138.05
2019-09-06,14.49,14.49,13.93,13.83,53109.48,-0.08,-0.57,13.812,13.648,13.515,56257.81,56013.15,59809.41
2019-09-05,13.97,14.06,14.01,13.83,75302.94,0.1,0.72,13.66,13.649,13.447,53649.07,62210.17,58024.73
2019-09-04,13.7,13.94,13.91,13.64,55647.61,0.18,1.31,13.558,13.615,13.379,48218.84,62172.53,55102.45
2019-09-03,13.5,13.78,13.73,13.48,48964.43,0.25,1.85,13.52,13.572,13.311,51877.64,63058.23,53146.55
2019-09-02,13.17,13.55,13.48,13.13,48264.59,0.31,2.35,13.48,13.531,13.25,51607.5,63203.06,52267.85
2019-08-30,13.62,13.62,13.17,13.16,40065.77,-0.33,-2.44,13.484,13.51,13.213,55768.49,65545.18,51119.82
2019-08-29,13.72,13.84,13.5,13.38,48151.78,-0.22,-1.6,13.638,13.498,13.196,70771.28,70425.76,50932.82
2019-08-28,13.5,13.9,13.72,13.46,73941.63,0.19,1.4,13.672,13.498,13.179,76126.22,69806.4,49649.89
2019-08-27,13.57,13.73,13.53,13.49,47613.73,0.03,0.22,13.624,13.45,13.162,74238.83,65343.81,46777.69
2019-08-26,13.74,13.79,13.5,13.5,69069.54,-0.44,-3.16,13.582,13.412,13.159,74798.61,63998.98,45348.13
2019-08-23,13.55,14.15,13.94,13.52,115079.7,0.27,1.98,13.536,13.382,13.161,75321.87,63605.68,43262.78
2019-08-22,13.48,13.69,13.67,13.29,74926.49,0.19,1.41,13.358,13.245,13.137,70080.24,53839.28,39158.51
2019-08-21,13.21,13.49,13.48,13.12,64504.68,0.16,1.2,13.324,13.143,13.127,63486.58,48032.38,37361.06
2019-08-20,13.21,13.4,13.32,13.13,50412.64,0.05,0.38,13.276,13.049,13.113,56448.79,43234.86,36180.13
2019-08-19,13.08,13.28,13.27,12.96,71685.84,0.22,1.69,13.242,12.969,13.111,53199.34,41332.65,35106.38
2019-08-16,13.3,13.3,13.05,12.93,88871.54,-0.45,-3.33,13.228,12.916,13.098,51889.49,36694.45,33126.25
2019-08-15,13.05,13.55,13.5,12.86,41958.2,0.26,1.96,13.132,12.893,13.109,37598.32,31439.89,30341.58
2019-08-14,13.35,13.4,13.24,13.15,29315.73,0.09,0.68,12.962,12.859,13.096,32578.18,29493.39,31142.28
2019-08-13,13.2,13.35,13.15,13.03,34165.39,-0.05,-0.38,12.822,12.873,13.122,30020.93,28211.57,31416.82
2019-08-12,12.57,13.55,13.2,12.55,65136.58,0.63,5.01,12.696,12.906,13.151,29465.96,26697.28,32732.75
2019-08-09,12.74,12.77,12.57,12.52,17415.71,-0.08,-0.63,12.604,12.939,13.203,21499.42,22919.88,31098.33
2019-08-08,12.56,12.72,12.65,12.53,16857.48,0.11,0.88,12.654,13.029,13.28,25281.46,24477.74,31403.9
2019-08-07,12.62,12.76,12.54,12.5,16529.49,0.02,0.16,12.756,13.111,13.346,26408.6,26689.73,32012.2
2019-08-06,12.6,12.66,12.52,12.25,31390.53,-0.22,-1.73,12.924,13.176,13.42,26402.21,29125.39,32790.71
2019-08-05,12.76,13.03,12.74,12.62,25303.89,-0.08,-0.62,13.116,13.253,13.507,23928.6,28880.1,32961.68
2019-08-02,12.95,12.95,12.82,12.7,36325.9,-0.34,-2.58,13.274,13.279,13.581,24340.35,29558.05,34532.1
2019-08-01,13.37,13.52,13.16,13.12,22493.2,-0.22,-1.64,13.404,13.325,13.666,23674.03,29243.26,34935.22
2019-07-31,13.4,13.53,13.38,13.33,16497.53,-0.1,-0.74,13.466,13.333,13.731,26970.87,32791.17,38207.51
2019-07-30,13.53,13.66,13.48,13.4,19022.46,-0.05,-0.37,13.428,13.37,13.809,31848.58,34622.08,41889.47
2019-07-29,13.65,13.69,13.53,13.37,27362.65,0.06,0.45,13.39,13.396,13.895,33831.61,38768.23,45723.81
2019-07-26,13.47,13.59,13.47,13.36,32994.3,0.0,0.0,13.284,13.466,13.957,34775.75,39276.78,47976.31
2019-07-25,13.2,13.48,13.47,13.15,38977.39,0.28,2.12,13.246,13.53,14.001,34812.49,38330.07,49404.84
2019-07-24,13.39,13.45,13.19,13.18,40886.09,-0.1,-0.75,13.2,13.58,14.053,38611.46,37334.67,51370.5
2019-07-23,12.97,13.3,13.29,12.93,28937.62,0.29,2.23,13.312,13.664,14.127,37395.58,36456.03,52591.02
2019-07-22,13.28,13.29,13.0,12.97,32083.35,-0.28,-2.11,13.402,13.761,14.208,43704.85,37043.26,54929.58
2019-07-19,13.28,13.48,13.28,13.18,33178.01,0.04,0.3,13.648,13.882,14.304,43777.8,39506.15,58400.0
2019-07-18,13.74,13.74,13.24,13.2,57972.25,-0.51,-3.71,13.814,14.006,14.353,41847.64,40627.17,59903.63
2019-07-17,13.75,13.83,13.75,13.45,34806.65,0.01,0.07,13.96,14.129,14.403,36057.87,43623.86,61666.16
2019-07-16,14.23,14.24,13.74,13.68,60484.0,-0.49,-3.44,14.016,14.248,14.411,35516.47,49156.86,63482.0
2019-07-15,14.05,14.38,14.23,13.93,32448.1,0.12,0.85,14.12,14.394,14.42,30381.67,52679.39,63744.97
2019-07-12,13.89,14.16,14.11,13.83,23527.19,0.14,1.0,14.116,14.448,14.408,35234.5,56675.85,67451.16
2019-07-11,14.05,14.28,13.97,13.95,29023.4,-0.06,-0.43,14.198,14.472,14.382,39406.7,60479.62,71662.57
2019-07-10,14.21,14.37,14.03,14.0,32099.68,-0.23,-1.61,14.298,14.525,14.336,51189.85,65406.33,71771.85
2019-07-09,14.23,14.48,14.26,14.12,34810.0,0.05,0.35,14.48,14.59,14.293,62797.25,68726.02,72675.57
2019-07-08,14.46,14.79,14.21,13.9,56712.25,-0.31,-2.13,14.668,14.655,14.25,74977.1,72815.89,73987.75
2019-07-05,14.6,14.86,14.52,14.5,44388.19,0.05,0.35,14.78,14.726,14.195,78117.2,77293.84,73997.17
2019-07-04,14.92,15.0,14.47,14.26,87939.11,-0.47,-3.15,14.746,14.699,14.095,81552.54,79180.08,73335.37
2019-07-03,15.1,15.5,14.94,14.84,90136.72,-0.26,-1.71,14.752,14.677,14.003,79622.81,79708.45,71284.98
2019-07-02,14.75,15.38,15.2,14.66,95709.25,0.43,2.91,14.7,14.574,13.876,74654.79,77807.15,69330.3
2019-07-01,14.66,14.97,14.77,14.54,72412.71,0.42,2.93,14.642,14.445,13.758,70654.67,74810.56,66096.1
2019-06-28,14.58,14.87,14.35,14.2,61564.93,-0.15,-1.03,14.672,14.368,13.665,76470.48,78226.46,64182.11
2019-06-27,14.66,14.9,14.5,14.33,78290.44,-0.18,-1.23,14.652,14.292,13.598,76807.61,82845.52,63502.28
2019-06-26,14.6,15.05,14.68,14.51,65296.64,-0.23,-1.54,14.602,14.147,13.515,79794.1,78137.38,61108.66
2019-06-25,14.91,15.25,14.91,14.51,75708.65,-0.01,-0.07,14.448,13.996,13.423,80959.5,76625.11,59719.1
2019-06-24,14.25,15.42,14.92,14.14,101491.76,0.67,4.7,14.248,13.845,13.321,78966.45,75159.61,58066.98
2019-06-21,14.18,14.44,14.25,14.18,63250.58,0.0,0.0,14.064,13.663,13.198,79982.44,70700.49,54967.7
2019-06-20,13.76,14.25,14.25,13.75,93222.86,0.34,2.44,13.932,13.49,13.116,88883.43,67490.65,54628.37
2019-06-19,14.21,14.39,13.91,13.76,71123.63,0.0,0.0,13.692,13.329,13.056,76480.66,62861.51,52427.93
2019-06-18,13.91,14.28,13.91,13.72,65743.4,-0.09,-0.64,13.544,13.178,13.02,72290.72,60853.45,51987.08
2019-06-17,13.53,14.28,14.0,13.31,106571.71,0.41,3.02,13.442,13.07,12.978,71352.77,57381.64,53640.59
2019-06-14,13.01,13.89,13.59,12.95,107755.55,0.54,4.14,13.262,12.962,12.978,61418.55,50137.76,55020.83
2019-06-13,13.09,13.14,13.05,12.91,31209.0,-0.12,-0.91,13.048,12.903,12.994,46097.87,44159.04,54506.45
2019-06-12,13.32,13.33,13.17,13.03,50173.92,-0.23,-1.72,12.966,12.882,13.05,49242.36,44079.94,59068.33
2019-06-11,13.2,13.52,13.4,13.2,61053.68,0.3,2.29,12.812,12.85,13.079,49416.19,42813.1,63529.06
2019-06-10,12.52,13.2,13.1,12.52,56900.58,0.58,4.63,12.698,12.796,13.088,43410.52,40974.36,67108.65
2019-06-06,12.83,12.83,12.52,12.45,31152.19,-0.12,-0.95,12.662,12.732,13.092,38856.97,39234.9,71780.75
2019-06-05,12.45,12.86,12.64,12.43,46931.42,0.24,1.94,12.758,12.742,13.116,42220.2,41766.09,80191.75
2019-06-04,12.88,12.9,12.4,12.13,51043.06,-0.43,-3.35,12.798,12.782,13.202,38917.51,41994.35,90878.54
2019-06-03,12.89,13.1,12.83,12.8,31025.33,-0.09,-0.7,12.888,12.862,13.379,36210.02,43120.7,104166.23
2019-05-31,12.95,13.0,12.92,12.76,34132.85,-0.08,-0.61,12.894,12.885,13.489,38538.2,49899.54,117153.89
2019-05-30,12.78,13.23,13.0,12.72,47968.32,0.16,1.25,12.802,12.993,13.554,39612.83,59903.9,124154.62
2019-05-29,12.94,12.94,12.84,12.78,30418.0,-0.01,-0.08,12.726,13.085,13.579,41311.98,64853.87,130482.36
2019-05-28,12.79,13.14,12.85,12.75,37505.59,-0.01,-0.08,12.766,13.218,13.651,45071.19,74056.73,145176.58
2019-05-27,12.46,12.88,12.86,12.46,42666.26,0.4,3.21,12.836,13.308,13.702,50031.39,84245.02,151614.54
2019-05-24,12.52,12.74,12.46,12.41,39506.0,-0.16,-1.27,12.876,13.38,13.689,61260.88,93242.95,151055.3
2019-05-23,12.89,13.04,12.62,12.6,56464.04,-0.42,-3.22,13.184,13.452,13.704,80194.97,104326.59,151975.76
2019-05-22,13.3,13.31,13.04,12.96,49214.06,-0.16,-1.21,13.444,13.489,13.706,88395.76,118617.41,150165.81
2019-05-21,13.06,13.43,13.2,13.01,62306.59,0.14,1.07,13.67,13.621,13.69,103042.27,139762.73,148900.64
2019-05-20,13.75,13.78,13.06,12.81,98813.71,-0.94,-6.71,13.78,13.896,13.662,118458.65,165211.76,147646.71
2019-05-17,13.92,14.53,14.0,13.9,134176.44,0.08,0.57,13.884,14.093,13.651,125225.02,184408.23,144559.18
2019-05-16,14.16,14.5,13.92,13.87,97468.02,-0.25,-1.76,13.72,14.114,13.594,128458.21,188405.34,140113.25
2019-05-15,14.0,14.32,14.17,13.8,122446.59,0.42,3.06,13.534,14.072,13.539,148839.05,196110.84,137845.25
2019-05-14,13.5,14.35,13.75,13.3,139388.5,0.25,1.85,13.572,14.084,13.472,176483.19,216296.42,134699.06
2019-05-13,12.88,13.67,13.58,12.7,132645.53,0.4,3.04,14.012,14.095,13.445,211964.87,218984.06,132316.12
2019-05-10,13.11,13.5,13.18,12.16,150342.41,0.19,1.46,14.302,13.997,13.447,243591.44,208867.65,133228.02
2019-05-09,13.59,13.65,12.99,12.92,199372.23,-1.37,-9.54,14.508,13.956,13.444,248352.48,199624.93,128502.88
2019-05-08,15.1,15.88,14.36,14.36,260667.28,-1.59,-9.97,14.61,13.923,13.441,243382.63,181714.2,121770.82
2019-05-07,14.59,16.27,15.95,14.51,316796.88,0.92,6.12,14.596,13.759,13.37,256109.65,158038.55,110825.66
2019-05-06,13.64,15.6,15.03,13.5,290778.41,0.82,5.77,14.178,13.428,13.225,226003.25,130081.67,97322.11
2019-04-30,13.29,14.53,14.21,13.15,174147.58,0.71,5.26,13.692,13.209,13.12,174143.86,104710.13,85636.21
2019-04-29,13.98,14.2,13.5,13.15,174523.0,-0.79,-5.53,13.404,13.074,13.064,150897.39,91821.15,80361.14
2019-04-26,14.28,14.87,14.29,13.7,324302.38,0.43,3.1,13.236,13.005,13.03,120045.78,79579.66,74526.37
2019-04-25,12.95,13.86,13.86,12.94,166264.89,1.26,10.0,12.922,12.859,12.952,59967.45,53101.7,60326.55
2019-04-24,12.7,12.7,12.6,12.48,31481.46,-0.17,-1.33,12.678,12.795,12.884,34160.08,45648.18,53384.65
2019-04-23,12.66,13.0,12.77,12.35,57915.2,0.11,0.87,12.726,12.896,12.877,35276.39,57588.39,53979.05
2019-04-22,12.72,12.83,12.66,12.61,20264.95,-0.06,-0.47,12.744,12.932,12.877,32744.92,57380.82,53177.01
2019-04-19,12.65,12.77,12.72,12.5,23910.73,0.08,0.63,12.774,12.958,12.899,39113.55,61827.44,54030.68
2019-04-18,12.85,12.94,12.64,12.6,37228.07,-0.2,-1.56,12.796,12.981,12.913,46235.94,63612.77,54894.77
2019-04-17,12.83,12.96,12.84,12.79,37063.0,-0.02,-0.16,12.912,13.021,12.934,57136.27,64562.54,56084.95
2019-04-16,12.79,12.86,12.86,12.48,45257.86,0.05,0.39,13.066,13.03,12.956,79900.39,66562.29,58277.0
2019-04-15,12.91,12.99,12.81,12.79,52108.1,-0.02,-0.16,13.12,13.053,12.993,82016.73,68901.13,62386.85
2019-04-12,13.22,13.22,12.83,12.73,59522.69,-0.39,-2.95,13.142,13.055,12.999,84541.33,69473.08,62620.99
2019-04-11,13.63,13.73,13.22,13.0,91729.7,-0.39,-2.87,13.166,13.044,12.988,80989.6,67551.4,63016.84
2019-04-10,13.08,13.79,13.61,13.01,150883.58,0.48,3.66,13.13,12.973,12.982,71988.82,61121.13,62621.34
2019-04-09,12.92,13.18,13.13,12.8,55839.56,0.21,1.62,12.994,12.857,12.952,53224.19,50369.71,58917.81
2019-04-08,13.0,13.29,12.92,12.7,64731.14,-0.03,-0.23,12.986,12.822,12.943,55785.54,48973.21,59326.53
2019-04-04,13.09,13.13,12.95,12.89,41764.04,-0.09,-0.69,12.968,12.84,12.918,54404.82,46233.92,60904.57
2019-04-03,12.92,13.1,13.04,12.79,46725.77,0.11,0.85,12.922,12.845,12.926,54113.19,46176.76,64850.01
2019-04-02,13.22,13.29,12.93,12.9,57060.42,-0.16,-1.22,12.816,12.846,12.916,50253.45,47607.35,66959.4
2019-04-01,12.84,13.21,13.09,12.84,68646.33,0.26,2.03,12.72,12.881,12.912,47515.24,49991.71,67832.65
2019-03-29,12.73,12.87,12.83,12.6,57827.55,0.11,0.86,12.658,12.932,12.888,42160.87,55872.56,67734.53
2019-03-28,12.56,12.82,12.72,12.55,40305.88,0.21,1.68,12.712,12.943,12.875,38063.02,55768.9,66514.49
2019-03-27,12.49,12.65,12.51,12.33,27427.06,0.06,0.48,12.768,12.931,12.866,38240.34,58482.29,66984.76
2019-03-26,12.78,12.93,12.45,12.41,43369.36,-0.33,-2.58,12.876,12.99,12.862,44961.25,64121.54,68951.77
2019-03-25,13.09,13.09,12.78,12.78,41874.5,-0.32,-2.44,13.042,13.047,12.868,52468.18,67465.9,72046.7
2019-03-22,12.99,13.14,13.1,12.89,37338.28,0.1,0.77,13.206,13.063,12.861,69584.24,69679.86,76190.11
2019-03-21,12.95,13.17,13.0,12.93,41192.49,-0.05,-0.38,13.174,12.996,12.798,73474.78,75575.21,81358.0
2019-03-20,13.28,13.3,13.05,12.75,61031.61,-0.23,-1.73,13.094,13.007,12.708,78724.24,83523.26,82665.12
2019-03-19,13.6,13.6,13.28,13.12,80904.04,-0.32,-2.35,13.104,12.986,12.613,83281.83,86311.46,82480.19
2019-03-18,13.17,13.79,13.6,12.95,127454.8,0.66,5.1,13.052,12.942,12.508,82463.62,85673.59,81832.24
2019-03-15,12.62,13.1,12.94,12.62,56790.94,0.34,2.7,12.92,12.844,12.387,69775.48,79596.51,79960.61
2019-03-14,13.18,13.18,12.6,12.46,67439.8,-0.5,-3.82,12.818,12.806,12.276,77675.65,77260.08,80031.17
2019-03-13,13.1,13.4,13.1,12.91,83819.59,0.08,0.61,12.92,12.801,12.182,88322.27,75487.24,79036.14
2019-03-12,13.05,13.27,13.02,12.86,76812.99,0.08,0.62,12.868,12.734,12.061,89341.08,73782.0,76919.53
2019-03-11,12.31,12.95,12.94,12.31,64014.1,0.51,4.1,12.832,12.688,11.941,88883.55,76627.5,75584.17
2019-03-08,12.94,13.5,12.43,12.42,96291.77,-0.68,-5.19,12.768,12.658,11.813,89417.54,82700.35,73777.94
2019-03-07,12.82,13.23,13.11,12.69,120672.91,0.27,2.1,12.794,12.6,11.699,76844.51,87140.78,70225.56
2019-03-06,12.81,12.94,12.84,12.58,88913.61,0.0,0.0,12.682,12.408,11.537,62652.21,81806.99,65236.72
2019-03-05,12.58,12.94,12.84,12.4,74525.35,0.22,1.74,12.6,12.24,11.389,58222.92,78648.93,61574.79
2019-03-04,12.72,12.85,12.62,12.53,66684.04,0.06,0.48,12.544,12.074,11.245,64371.45,77990.9,59518.2
2019-03-01,12.57,12.66,12.56,12.45,33426.65,0.01,0.08,12.548,11.93,11.128,75983.16,80324.71,57394.37
2019-02-28,12.43,12.57,12.55,12.38,49711.4,0.12,0.96,12.406,11.746,11.017,97437.05,82802.25,57146.76
2019-02-27,12.56,12.78,12.43,12.32,66767.18,-0.13,-1.03,12.134,11.563,10.911,100961.77,82585.04,56359.27
2019-02-26,12.7,12.87,12.56,12.31,105268.0,-0.08,-0.63,11.88,11.387,10.806,99074.93,80057.07,53877.32
2019-02-25,11.91,12.77,12.64,11.91,124742.57,0.79,6.67,11.604,11.194,10.694,91610.34,74540.83,49934.03
2019-02-22,11.14,12.19,11.85,11.11,140696.09,0.66,5.9,11.312,10.968,10.589,84666.26,64855.54,45451.4
2019-02-21,11.16,11.35,11.19,11.14,67335.0,0.03,0.27,11.086,10.797,10.521,68167.45,53310.34,39936.85
2019-02-20,11.11,11.45,11.16,11.07,57333.0,-0.02,-0.18,10.992,10.666,10.483,64208.32,48666.44,38617.28
2019-02-19,11.29,11.58,11.18,11.07,67945.04,0.0,0.0,10.894,10.538,10.457,61039.21,44500.66,40781.27
2019-02-18,10.72,11.28,11.18,10.72,90022.19,0.46,4.29,10.784,10.415,10.412,57471.32,41045.5,38495.22
2019-02-15,10.71,10.99,10.72,10.63,58202.04,0.0,0.0,10.624,10.325,10.361,45044.81,34464.03,34752.22
2019-02-14,10.68,10.88,10.72,10.58,47539.33,0.05,0.47,10.508,10.287,10.336,38453.23,31491.28,32836.56
2019-02-13,10.63,10.77,10.67,10.53,41487.43,0.04,0.38,10.34,10.259,10.308,33124.57,30133.5,31391.55
2019-02-12,10.4,10.67,10.63,10.36,50105.62,0.25,2.41,10.182,10.224,10.286,27962.11,27697.56,30986.73
2019-02-11,10.14,10.41,10.38,10.14,27889.61,0.24,2.37,10.046,10.194,10.263,24619.68,25327.23,29533.4
2019-02-01,9.89,10.17,10.14,9.89,25244.17,0.26,2.63,10.026,10.209,10.253,23883.26,26047.27,29471.29
2019-01-31,9.89,10.13,9.88,9.83,20896.0,0.0,0.0,10.066,10.245,10.249,24529.32,26563.37,29274.89
2019-01-30,9.97,10.03,9.88,9.85,15675.17,-0.07,-0.7,10.178,10.3,10.25,27142.44,28568.11,28980.24
2019-01-29,10.26,10.27,9.95,9.7,33393.46,-0.33,-3.21,10.266,10.376,10.254,27433.01,37061.89,28854.24
2019-01-28,10.37,10.44,10.28,10.26,24207.48,-0.06,-0.58,10.342,10.408,10.253,26034.78,35944.94,28515.7
2019-01-25,10.38,10.48,10.34,10.29,28474.5,-0.1,-0.96,10.392,10.397,10.243,28211.28,35040.42,28778.97
2019-01-24,10.33,10.55,10.44,10.27,33961.6,0.12,1.16,10.424,10.384,10.233,28597.41,34181.84,28149.13
2019-01-23,10.31,10.4,10.32,10.26,17128.0,-0.01,-0.1,10.422,10.356,10.221,29993.78,32649.6,28027.94
2019-01-22,10.46,10.51,10.33,10.28,26402.34,-0.2,-1.9,10.486,10.347,10.224,46690.77,34275.9,28161.23
2019-01-21,10.44,10.75,10.53,10.44,35089.94,0.03,0.29,10.474,10.331,10.228,45855.1,33739.56,28048.17
2019-01-18,10.4,10.59,10.5,10.39,30405.16,0.07,0.67,10.402,10.297,10.215,41869.56,32895.31,26967.92
2019-01-17,10.58,10.64,10.43,10.42,40943.46,-0.21,-1.97,10.344,10.252,10.203,39766.27,31986.41,26114.41
2019-01-16,10.27,10.88,10.64,10.27,100612.94,0.37,3.6,10.29,10.2,10.199,35305.43,29392.37,25033.94
2019-01-15,10.17,10.27,10.27,10.09,22223.99,0.1,0.98,10.208,10.131,10.185,21861.02,20646.59,20998.62
2019-01-14,10.18,10.24,10.17,10.14,15162.25,-0.04,-0.39,10.188,10.098,10.196,21624.03,21086.46,21128.23
2019-01-11,10.22,10.25,10.21,10.13,19888.73,0.05,0.49,10.192,10.089,10.222,23921.06,22517.52,21736.72
2019-01-10,10.25,10.29,10.16,10.15,18639.22,-0.07,-0.68,10.16,10.082,10.241,24206.55,22116.42,21671.99
2019-01-09,10.19,10.36,10.23,10.15,33390.93,0.06,0.59,10.11,10.086,10.264,23479.3,23406.27,21926.25
2019-01-08,10.19,10.33,10.17,10.13,21039.01,-0.02,-0.2,10.054,10.101,10.274,19432.15,22046.56,21422.56
2019-01-07,10.11,10.27,10.19,10.06,26647.43,0.14,1.39,10.008,10.124,10.298,20548.88,22356.77,21888.43
2019-01-04,9.91,10.1,10.05,9.77,21316.14,0.14,1.41,9.986,10.132,10.321,21113.98,21040.53,23007.59
2019-01-03,9.95,10.02,9.91,9.8,15003.01,-0.04,-0.4,10.004,10.154,10.345,20026.29,20242.42,23217.78
2019-01-02,9.94,10.07,9.95,9.94,13155.16,0.01,0.1,10.062,10.197,10.384,23333.23,20675.52,24010.48
2018-12-28,10.04,10.1,9.94,9.86,26622.67,-0.14,-1.39,10.148,10.239,10.421,24660.98,21350.66,25583.98
2018-12-27,10.25,10.38,10.08,10.07,29472.93,-0.06,-0.59,10.24,10.293,10.445,24164.66,21170.0,25199.98
2018-12-26,10.17,10.31,10.14,10.12,15877.68,-0.06,-0.59,10.278,10.354,10.457,20967.08,20955.91,24880.49
2018-12-25,10.29,10.29,10.2,9.99,31537.72,-0.18,-1.73,10.304,10.4,10.472,20458.55,21227.56,25160.84
2018-12-24,10.35,10.39,10.38,10.28,19793.88,-0.02,-0.19,10.332,10.442,10.48,18017.8,20446.24,24613.45
2018-12-21,10.25,10.44,10.4,10.22,24141.11,0.13,1.27,10.33,10.446,10.479,18040.35,20798.55,24864.71
2018-12-20,10.26,10.38,10.27,10.23,13485.02,0.0,0.0,10.346,10.472,10.483,18175.33,21420.08,25666.14
2018-12-19,10.34,10.4,10.27,10.27,13335.0,-0.07,-0.68,10.43,10.509,10.521,20944.75,24974.65,26271.69
2018-12-18,10.38,10.43,10.34,10.25,19333.98,-0.03,-0.29,10.496,10.536,10.561,21996.57,26193.15,27162.24
2018-12-17,10.46,10.49,10.37,10.3,19906.63,-0.11,-1.05,10.552,10.57,10.597,22874.68,27345.45,28865.94
2018-12-14,10.69,10.73,10.48,10.46,24816.0,-0.21,-1.96,10.562,10.603,10.653,23556.76,29817.3,30635.73
2018-12-13,10.57,10.75,10.69,10.51,27332.12,0.09,0.85,10.598,10.597,10.707,24664.84,29229.96,33482.06
2018-12-12,10.64,10.71,10.6,10.57,18594.14,-0.02,-0.19,10.588,10.559,10.735,29004.55,28805.06,34740.5
2018-12-11,10.43,10.67,10.62,10.43,23724.52,0.2,1.92,10.576,10.544,10.763,30389.73,29094.12,36993.23
2018-12-10,10.55,10.64,10.42,10.37,23317.0,-0.24,-2.25,10.588,10.518,10.793,31816.21,28780.66,39836.58
2018-12-07,10.61,10.75,10.66,10.52,30356.43,0.02,0.19,10.644,10.512,10.825,36077.84,28930.87,41270.09
2018-12-06,10.53,10.75,10.64,10.43,49030.68,0.1,0.95,10.596,10.494,10.844,33795.09,29912.2,43895.88
2018-12-05,10.5,10.59,10.54,10.41,25520.0,-0.14,-1.31,10.53,10.533,10.87,28605.56,27568.74,45275.15
2018-12-04,10.62,10.8,10.68,10.6,30856.93,-0.02,-0.19,10.512,10.585,10.873,27798.51,28131.33,45352.04
2018-12-03,10.61,10.85,10.7,10.54,44625.14,0.28,2.69,10.448,10.623,10.875,25745.1,30386.44,45384.31
2018-11-30,10.3,10.42,10.42,10.2,18942.68,0.11,1.07,10.38,10.703,10.882,21783.91,31454.17,46302.46
2018-11-29,10.48,10.55,10.31,10.3,23083.04,-0.14,-1.34,10.392,10.817,10.899,26029.3,37734.16,47976.43
2018-11-28,10.37,10.45,10.45,10.27,21484.77,0.09,0.87,10.536,10.911,10.91,26531.92,40675.94,49161.39
2018-11-27,10.42,10.5,10.36,10.27,20589.89,0.0,0.0,10.658,10.982,10.916,28464.14,44892.35,50062.33
2018-11-26,10.2,10.5,10.36,10.16,24819.15,-0.12,-1.15,10.798,11.067,10.915,35027.78,50892.51,50163.92
2018-11-23,10.99,11.04,10.48,10.48,40169.67,-0.55,-4.99,11.026,11.138,10.912,41124.43,53609.31,50219.52
2018-11-22,11.08,11.14,11.03,10.95,25596.12,-0.03,-0.27,11.242,11.193,10.91,49439.01,57879.56,49335.79
2018-11-21,10.9,11.12,11.06,10.77,31145.87,0.0,0.0,11.286,11.206,10.877,54819.95,62981.56,49433.38
2018-11-20,11.4,11.44,11.06,11.03,53408.09,-0.44,-3.83,11.306,11.16,10.855,61320.55,62572.75,49006.17
2018-11-19,11.45,11.67,11.5,11.4,55302.39,-0.06,-0.52,11.336,11.126,10.836,66757.24,60382.18,48355.07
2018-11-16,11.26,11.66,11.56,11.19,81742.57,0.31,2.76,11.25,11.06,10.805,66094.19,61150.76,48741.98
2018-11-15,11.12,11.28,11.25,11.06,52500.85,0.09,0.81,11.144,10.981,10.748,66320.12,58218.71,46417.16
2018-11-14,11.16,11.38,11.16,11.1,63648.87,-0.05,-0.45,11.126,10.909,10.702,71143.17,57646.85,45421.97
2018-11-13,10.95,11.39,11.21,10.86,80591.51,0.14,1.26,11.014,10.85,10.66,63824.94,55232.3,43268.53
2018-11-12,11.0,11.11,11.07,10.83,51987.13,0.04,0.36,10.916,10.763,10.611,54007.12,49435.33,40314.95
2018-11-09,11.05,11.45,11.03,10.89,82872.24,-0.13,-1.17,10.87,10.685,10.581,56207.33,46829.74,39047.48
2018-11-08,10.69,11.45,11.16,10.66,76616.12,0.56,5.28,10.818,10.626,10.553,50117.3,40792.01,36593.74
2018-11-07,10.71,10.79,10.6,10.59,27057.7,-0.12,-1.12,10.692,10.547,10.514,44150.53,35885.19,35360.9
2018-11-06,10.77,10.8,10.72,10.6,31502.4,-0.12,-1.11,10.686,10.549,10.556,46639.67,35439.6,34937.21
2018-11-05,10.77,11.2,10.84,10.65,62988.17,0.07,0.65,10.61,10.545,10.59,44863.54,36327.96,34450.96
2018-11-02,10.6,10.77,10.77,10.57,52422.12,0.24,2.28,10.5,10.55,10.614,37452.15,36333.2,33371.93
2018-11-01,10.59,10.74,10.53,10.5,46782.25,-0.04,-0.38,10.434,10.514,10.672,31466.72,34615.61,32179.42
2018-10-31,10.39,10.57,10.57,10.33,39503.39,0.23,2.22,10.402,10.494,10.736,27619.85,33197.1,32206.43
2018-10-30,10.29,10.4,10.34,10.2,22621.78,0.05,0.49,10.412,10.47,10.816,24239.53,31304.76,32733.24
2018-10-29,10.3,10.44,10.29,10.2,25931.19,-0.15,-1.44,10.48,10.458,10.9,27792.38,31194.57,33591.81
2018-10-26,10.43,10.56,10.44,10.38,22495.0,0.07,0.68,10.6,10.477,10.997,35214.26,31265.22,36305.35
2018-10-25,10.32,10.42,10.37,10.16,27547.89,-0.25,-2.35,10.594,10.48,11.08,37764.49,32395.48,37879.23
2018-10-24,10.5,10.72,10.62,10.5,22601.79,-0.06,-0.56,10.586,10.48,11.177,38774.35,34836.61,40409.28
2018-10-23,10.88,10.88,10.68,10.56,40386.04,-0.21,-1.93,10.528,10.562,11.266,38369.99,34434.82,44036.96
2018-10-22,10.47,10.98,10.89,10.41,63040.58,0.48,4.61,10.436,10.634,11.362,34596.75,32573.95,49969.5
2018-10-19,10.23,10.47,10.41,10.03,35246.16,0.08,0.77,10.354,10.678,11.408,27316.18,30410.66,49669.07
2018-10-18,10.17,10.8,10.33,10.01,32597.16,0.0,0.0,10.366,10.829,11.464,27026.46,29743.23,48754.92
2018-10-17,10.35,10.49,10.33,10.08,20580.0,0.11,1.08,10.374,10.977,11.52,30898.87,31215.76,47860.51
2018-10-16,10.47,10.63,10.22,10.14,21519.85,-0.26,-2.48,10.596,11.162,11.575,30499.65,34161.71,47762.86
2018-10-15,10.52,10.79,10.48,10.47,26637.72,0.01,0.1,10.832,11.342,11.634,30551.16,35989.06,48080.15
2018-10-12,10.3,10.63,10.47,9.99,33797.57,0.1,0.96,11.002,11.516,11.68,33505.14,41345.49,47509.32
2018-10-11,11.1,11.15,10.37,10.3,51959.23,-1.07,-9.35,11.292,11.68,11.727,32460.0,43362.98,46824.84
2018-10-10,11.43,11.5,11.44,11.3,18583.87,0.04,0.35,11.58,11.874,11.787,31532.65,45981.94,45345.88
2018-10-09,11.33,11.55,11.4,11.33,21777.4,0.07,0.62,11.728,11.97,11.808,37823.78,53639.09,46039.07
2018-10-08,11.78,11.79,11.33,11.28,41407.62,-0.59,-4.95,11.852,12.09,11.819,41426.96,67365.05,45877.64
2018-09-28,11.83,11.99,11.92,11.83,28571.87,0.11,0.93,12.03,12.138,11.839,49185.83,68927.49,44769.3
2018-09-27,12.15,12.16,11.81,11.8,47322.51,-0.37,-3.04,12.068,12.098,11.831,54265.96,67766.6,44379.56
2018-09-26,12.11,12.27,12.18,11.92,50039.48,0.16,1.33,12.168,12.062,11.832,60431.23,64505.26,43253.31
2018-09-25,11.9,12.13,12.02,11.85,39793.31,-0.2,-1.64,12.212,11.988,11.822,69454.41,61364.02,42652.39
2018-09-21,12.35,12.71,12.22,12.2,80202.0,0.11,0.91,12.328,11.926,11.821,93303.15,60171.25,44759.14
2018-09-20,12.26,12.36,12.11,12.1,53972.52,-0.2,-1.62,12.246,11.844,11.776,88669.15,53673.15,41510.31
2018-09-19,12.2,12.56,12.31,12.11,78148.82,-0.09,-0.73,12.128,11.773,11.737,81267.24,50286.7,39618.66
2018-09-18,12.34,12.47,12.4,12.06,95155.39,-0.2,-1.59,11.956,11.7,11.687,68579.3,44709.82,36688.17
2018-09-17,11.66,12.88,12.6,11.66,159037.0,0.79,6.69,11.764,11.645,11.644,53273.62,38439.05,33498.0
2018-09-14,11.55,12.46,11.81,11.44,57032.0,0.29,2.52,11.524,11.547,11.58,27039.35,24390.22,26778.95
2018-09-13,11.48,11.6,11.52,11.4,16963.0,0.07,0.61,11.442,11.539,11.557,18677.15,20611.12,25108.6
2018-09-12,11.47,11.55,11.45,11.39,14709.12,0.01,0.09,11.418,11.564,11.563,19306.15,20992.52,25219.05
2018-09-11,11.34,11.65,11.44,11.32,18627.0,0.04,0.35,11.444,11.602,11.58,20840.34,22001.35,25818.3
2018-09-10,11.38,11.78,11.4,11.3,27865.61,0.0,0.0,11.526,11.656,11.611,23604.48,23940.76,26920.38
2018-09-07,11.4,11.55,11.4,11.35,15221.04,0.0,0.0,11.57,11.715,11.635,21741.09,29347.04,26823.67
2018-09-06,11.48,11.63,11.4,11.39,20108.0,-0.18,-1.55,11.636,11.708,11.662,22545.08,29347.47,27323.95
2018-09-05,11.77,11.84,11.58,11.57,22380.04,-0.27,-2.28,11.71,11.701,11.687,22678.88,28950.62,27895.41
2018-09-04,11.57,11.9,11.85,11.56,32447.73,0.23,1.98,11.76,11.674,11.693,23162.37,28666.51,27991.61
2018-09-03,11.72,11.8,11.62,11.52,18548.64,-0.11,-0.94,11.786,11.643,11.696,24277.03,28556.95,27570.52
2018-08-31,11.75,11.88,11.73,11.63,19241.0,-0.04,-0.34,11.86,11.612,11.699,36952.99,29167.68,28415.54
2018-08-30,11.76,11.93,11.77,11.76,20777.0,-0.06,-0.51,11.78,11.575,11.721,36149.86,29606.09,29143.89
2018-08-29,11.98,12.01,11.83,11.8,24797.47,-0.15,-1.25,11.692,11.561,11.734,35222.35,29445.59,30260.74
2018-08-28,12.07,12.07,11.98,11.83,38021.02,-0.01,-0.08,11.588,11.558,11.767,34170.66,29635.26,31219.12
2018-08-27,11.65,12.3,11.99,11.61,81928.47,0.66,5.83,11.5,11.566,11.814,32836.87,29900.01,31302.32
2018-08-24,11.33,11.37,11.33,11.23,15225.36,0.0,0.0,11.364,11.554,11.87,21382.38,24300.3,30109.34
2018-08-23,11.3,11.41,11.33,11.28,16139.43,0.02,0.18,11.37,11.615,11.967,23062.31,25300.44,33906.76
2018-08-22,11.54,11.57,11.31,11.3,19539.0,-0.23,-1.99,11.43,11.672,12.044,23668.82,26840.21,35206.23
2018-08-21,11.29,11.67,11.54,11.29,31352.09,0.23,2.03,11.528,11.711,12.131,25099.86,27316.7,37597.83
2018-08-20,11.41,11.47,11.31,11.05,24656.0,-0.05,-0.44,11.632,11.749,12.195,26963.15,26584.09,38573.11
2018-08-17,11.66,11.89,11.36,11.35,23625.03,-0.27,-2.32,11.744,11.785,12.259,27218.22,27663.39,38699.2
2018-08-16,11.75,11.86,11.63,11.5,19172.0,-0.17,-1.44,11.86,11.866,12.318,27538.56,28681.69,38903.97
2018-08-15,12.02,12.12,11.8,11.8,26694.16,-0.26,-2.16,11.914,11.906,12.362,30011.59,31075.89,39689.28
2018-08-14,11.87,12.2,12.06,11.86,40668.57,0.19,1.6,11.894,11.976,12.413,29533.55,32802.97,40393.24
2018-08-13,11.8,11.88,11.87,11.52,25931.35,-0.07,-0.59,11.866,12.061,12.453,26205.03,32704.63,40440.88
2018-08-10,11.9,12.15,11.94,11.82,25226.73,0.04,0.34,11.826,12.186,12.515,28108.56,35918.38,42683.34
2018-08-09,11.66,12.0,11.9,11.52,31537.16,0.2,1.71,11.872,12.319,12.565,29824.82,42513.08,45699.8
2018-08-08,11.96,11.98,11.7,11.68,24303.93,-0.22,-1.85,11.898,12.416,12.591,32140.19,43572.25,46699.72
2018-08-07,11.67,11.94,11.92,11.62,24026.0,0.25,2.14,12.058,12.55,12.617,36072.4,47878.95,48294.36
2018-08-06,11.96,12.09,11.67,11.57,35449.0,-0.5,-4.11,12.256,12.64,12.665,39204.22,50562.13,48683.25
2018-08-03,12.09,12.43,12.17,11.89,33808.0,0.14,1.16,12.546,12.733,12.725,43728.2,49735.0,48941.53
2018-08-02,12.48,12.8,12.03,11.25,43114.0,-0.47,-3.76,12.766,12.77,12.756,55201.34,49126.25,50072.4
2018-08-01,12.89,12.96,12.5,12.5,43965.0,-0.41,-3.18,12.934,12.817,12.808,55004.3,48302.68,49716.3
2018-07-31,13.13,13.23,12.91,12.85,39685.08,-0.21,-1.6,13.042,12.85,12.859,59685.5,47983.5,50200.81
2018-07-30,13.08,13.33,13.12,13.01,58068.93,-0.15,-1.13,13.024,12.844,12.881,61920.04,48177.14,49666.3
2018-07-27,12.88,13.86,13.27,12.8,91173.67,0.4,3.11,12.92,12.844,12.887,55741.79,49448.3,48416.91
2018-07-26,13.11,13.11,12.87,12.82,42128.84,-0.17,-1.3,12.774,12.81,12.892,43051.17,48886.52,45788.97
2018-07-25,12.83,13.13,13.04,12.77,67370.99,0.22,1.72,12.7,12.765,12.903,41601.05,49827.19,45443.61
2018-07-24,12.6,12.97,12.82,12.54,50857.79,0.22,1.75,12.658,12.684,12.923,36281.51,48709.77,43323.01
2018-07-23,12.5,12.67,12.6,12.41,27177.68,0.06,0.48,12.664,12.69,12.96,34434.23,46804.37,42495.86
2018-07-20,12.44,12.59,12.54,12.3,27720.56,0.04,0.32,12.768,12.716,13.009,43154.8,48148.07,42865.33
2018-07-19,12.82,12.86,12.5,12.45,34878.24,-0.33,-2.57,12.846,12.741,13.058,54721.87,51018.55,42920.06
2018-07-18,12.93,13.1,12.83,12.77,40773.26,-0.02,-0.16,12.83,12.799,13.102,58053.32,51129.93,43138.14
2018-07-17,13.01,13.09,12.85,12.72,41621.42,-0.27,-2.06,12.71,12.867,13.139,61138.02,52418.11,43233.23
2018-07-16,12.91,13.34,13.12,12.65,70780.53,0.19,1.47,12.716,12.917,13.163,59174.5,51155.46,44541.57
2018-07-13,12.45,13.19,12.93,12.34,85555.92,0.51,4.11,12.664,12.929,13.235,53141.34,47385.52,43185.08
2018-07-12,12.2,12.58,12.42,12.12,51535.47,0.19,1.55,12.636,12.974,13.332,47315.23,42691.42,40869.52
2018-07-11,12.65,12.65,12.23,11.97,56196.78,-0.65,-5.05,12.768,13.04,13.456,44206.53,41060.04,41074.88
2018-07-10,12.84,12.89,12.88,12.71,31803.8,0.02,0.16,13.024,13.161,13.609,43698.19,37936.25,41822.61
2018-07-09,12.79,12.88,12.86,12.56,40614.73,0.07,0.55,13.118,13.23,13.72,43136.42,38187.35,42363.25
2018-07-06,13.08,13.17,12.79,11.88,56425.38,-0.29,-2.22,13.194,13.301,13.839,41629.69,37582.6,43445.77
2018-07-05,13.38,13.48,13.08,13.05,35991.96,-0.43,-3.18,13.312,13.375,13.98,38067.61,34821.56,43356.9
2018-07-04,13.31,13.85,13.51,13.11,53655.08,0.16,1.2,13.312,13.404,14.116,37913.54,35146.36,45541.88
2018-07-03,13.24,13.35,13.35,13.01,28994.93,0.11,0.83,13.298,13.411,14.251,32174.31,34048.36,46199.04
2018-07-02,13.51,13.51,13.24,13.06,33081.11,-0.14,-1.05,13.342,13.408,14.379,33238.28,37927.68,47704.3
2018-06-29,13.01,13.4,13.38,13.01,38614.98,0.3,2.29,13.408,13.54,14.512,33535.5,38984.65,51566.38
2018-06-28,13.5,13.51,13.08,13.08,35221.62,-0.36,-2.68,13.438,13.689,14.653,31575.51,39047.63,56118.45
2018-06-27,13.56,13.64,13.44,13.42,24958.92,-0.13,-0.96,13.496,13.871,14.758,32379.18,41089.72,60172.67
2018-06-26,13.32,13.64,13.57,13.22,34314.75,0.0,0.0,13.524,14.057,14.91,35922.4,45708.96,64417.12
2018-06-25,13.62,13.84,13.57,13.45,34567.24,0.04,0.3,13.474,14.209,15.081,42617.08,46539.16,69018.67
2018-06-22,13.36,13.56,13.53,13.19,28815.0,0.16,1.2,13.672,14.377,15.249,44433.79,49308.94,72912.86
2018-06-21,13.59,13.84,13.37,13.33,39240.01,-0.21,-1.55,13.94,14.585,15.404,46519.75,51892.24,75198.62
2018-06-20,13.15,13.73,13.58,13.13,42675.0,0.26,1.95,14.246,14.828,15.565,49800.25,55937.39,80340.57
2018-06-19,14.4,14.4,13.32,13.15,67788.14,-1.24,-8.52,14.59,15.09,15.739,55495.52,58349.73,85876.52
2018-06-15,14.87,14.95,14.56,14.41,43650.79,-0.31,-2.08,14.944,15.349,15.918,50461.25,57480.92,90592.11
2018-06-14,14.8,15.13,14.87,14.72,39244.79,-0.03,-0.2,15.082,15.483,16.037,54184.09,64148.12,99717.13
2018-06-13,15.3,15.4,14.9,14.82,55642.51,-0.4,-2.61,15.23,15.617,16.152,57264.73,73189.28,116583.74
2018-06-12,15.15,15.5,15.3,14.7,71151.36,0.21,1.39,15.41,15.645,16.26,62074.54,79255.63,125706.03
2018-06-11,15.16,15.33,15.09,14.92,42616.79,-0.16,-1.05,15.59,15.763,16.27,61203.94,83125.29,126437.73
2018-06-08,15.6,15.65,15.25,15.05,62265.0,-0.36,-2.31,15.754,15.952,16.257,64500.58,91498.19,127054.87
2018-06-07,15.81,16.12,15.61,15.5,54648.0,-0.19,-1.2,15.884,16.12,16.255,74112.14,96516.77,127137.82
2018-06-06,16.15,16.2,15.8,15.64,79691.54,-0.4,-2.47,16.004,16.222,16.254,89113.82,98505.0,129508.78
2018-06-05,15.85,16.35,16.2,15.85,66798.37,0.29,1.82,15.88,16.302,16.22,96436.72,104743.75,127729.2
2018-06-04,16.28,16.3,15.91,15.9,59100.0,0.01,0.06,15.936,16.387,16.177,105046.64,113403.32,128409.69
2018-06-01,16.15,16.53,15.9,15.5,110322.79,-0.31,-1.91,16.15,16.486,16.126,118495.79,123703.3,127618.31
2018-05-31,15.37,16.46,16.21,15.32,129656.41,1.03,6.79,16.356,16.591,16.058,118921.4,135286.14,123573.0
2018-05-30,16.13,16.13,15.18,15.0,116306.04,-1.3,-7.89,16.44,16.687,15.974,107896.18,159978.21,119371.73
2018-05-29,16.92,17.23,16.48,16.38,109847.96,-0.5,-2.94,16.724,16.874,15.934,113050.78,172156.43,114781.48
2018-05-28,16.8,17.29,16.98,16.61,126345.75,0.05,0.29,16.838,16.776,15.824,121759.99,169750.17,110488.37
2018-05-25,16.58,16.94,16.93,16.51,112450.85,0.3,1.8,16.822,16.562,15.691,128910.81,162611.56,105796.83
2018-05-24,16.61,16.99,16.63,16.45,74530.28,0.03,0.18,16.826,16.389,15.578,151650.87,157758.88,101423.94
2018-05-23,16.88,17.47,16.6,16.53,142079.05,-0.45,-2.64,16.934,16.285,15.486,212060.24,160512.55,98969.28
2018-05-22,16.75,17.14,17.05,16.45,153394.03,0.15,0.89,17.024,16.138,15.386,231262.09,150714.65,94204.14
2018-05-21,16.85,17.29,16.9,16.6,162099.86,-0.05,-0.29,16.714,15.966,15.284,217740.36,143416.07,89521.64
2018-05-18,16.49,17.49,16.95,16.3,226151.12,-0.22,-1.28,16.302,15.766,15.179,196312.31,131533.32,82577.25
2018-05-17,17.28,17.82,17.17,16.81,376577.12,0.12,0.7,15.952,15.524,15.071,163866.89,111859.87,72725.69
2018-05-16,15.34,17.05,17.05,15.2,238088.3,1.55,10.0,15.636,15.26,14.943,108964.87,78765.26,55835.84
2018-05-15,14.86,15.89,15.5,14.73,85785.38,0.66,4.45,15.252,14.994,14.846,70167.22,57406.54,45616.84
2018-05-14,15.05,15.16,14.84,14.77,54959.63,-0.36,-2.37,15.218,14.871,14.835,69091.79,51226.56,42823.22
2018-05-11,15.6,15.6,15.2,15.19,63924.0,-0.39,-2.5,15.23,14.819,14.857,66754.32,48982.11,41800.89
2018-05-10,15.14,15.68,15.59,15.0,102067.05,0.53,3.52,15.096,14.766,14.868,59852.86,45089.01,40599.4
2018-05-09,15.35,15.45,15.13,15.05,44100.05,-0.2,-1.3,14.884,14.686,14.854,48565.65,37426.01,37455.45
2018-05-08,15.0,15.63,15.33,14.98,80408.21,0.43,2.89,14.736,14.634,14.869,44645.85,37693.64,37652.95
2018-05-07,14.56,14.97,14.9,14.56,43272.31,0.37,2.55,14.524,14.601,14.867,33361.34,35627.21,35615.59
2018-05-04,14.44,14.65,14.53,14.32,29416.67,0.0,0.0,14.408,14.592,14.88,31209.89,33621.18,35559.93
2018-05-03,14.39,14.68,14.53,14.13,45631.0,0.14,0.97,14.436,14.618,14.932,30325.15,33591.52,35977.35
2018-05-02,14.31,14.6,14.39,14.25,24501.05,0.12,0.84,14.488,14.626,14.992,26286.36,32906.42,35779.6
2018-04-27,14.38,14.51,14.27,14.18,23985.67,-0.05,-0.35,14.532,14.697,15.054,30741.42,33827.14,36737.39
2018-04-26,14.62,14.69,14.32,14.31,32515.05,-0.35,-2.39,14.678,14.799,15.122,37893.09,34419.87,38766.3
2018-04-25,14.79,14.79,14.67,14.63,24993.0,-0.12,-0.81,14.776,14.895,15.18,36032.48,34619.68,39651.3
2018-04-24,14.6,14.79,14.79,14.58,25437.05,0.18,1.23,14.8,14.97,15.206,36857.88,36109.79,40714.95
2018-04-23,14.75,14.87,14.61,14.5,46776.34,-0.39,-2.6,14.764,15.022,15.216,39526.48,37484.9,43511.85
2018-04-20,14.8,15.35,15.0,14.66,59744.0,0.19,1.28,14.862,15.103,15.309,36912.85,37612.26,43796.23
2018-04-19,14.79,14.9,14.81,14.65,23212.0,0.02,0.14,14.92,15.132,15.377,30946.65,35603.97,43860.1
2018-04-18,14.68,15.0,14.79,14.55,29120.0,0.18,1.23,15.014,15.168,15.454,33206.89,37498.68,44664.49
2018-04-17,15.06,15.18,14.61,14.58,38780.04,-0.49,-3.25,15.14,15.246,15.527,35361.69,38363.19,44805.74
2018-04-16,15.29,15.46,15.1,14.93,33708.2,-0.19,-1.24,15.28,15.357,15.612,35443.32,38652.77,45100.14
2018-04-13,15.28,15.55,15.29,15.2,29913.0,0.01,0.07,15.344,15.41,15.667,38311.68,39647.65,46276.38
2018-04-12,15.51,15.53,15.28,15.26,34513.2,-0.14,-0.91,15.344,15.445,15.71,40261.29,43112.73,48510.68
2018-04-11,15.31,15.66,15.42,15.31,39894.03,0.11,0.72,15.322,15.465,15.781,41790.47,44682.91,50621.55
2018-04-10,15.24,15.51,15.31,15.24,39188.17,-0.11,-0.71,15.352,15.442,15.854,41364.69,45320.11,52221.16
2018-04-09,15.27,15.8,15.42,15.11,48050.0,0.13,0.85,15.434,15.409,15.919,41862.22,49538.81,54659.09
2018-04-04,15.2,15.71,15.29,15.2,39661.04,0.12,0.79,15.476,15.515,15.994,40983.62,49980.2,59299.51
2018-04-03,15.45,15.45,15.17,15.1,42159.09,-0.4,-2.57,15.546,15.621,16.089,45964.17,52116.23,67107.92
2018-04-02,15.68,15.95,15.57,15.55,37765.15,-0.15,-0.95,15.608,15.739,16.164,47575.36,51830.31,71518.76
2018-03-30,15.59,15.96,15.72,15.59,41675.82,0.09,0.58,15.532,15.807,16.2,49275.52,51248.3,74735.51
2018-03-29,15.51,15.88,15.63,15.51,43656.98,-0.01,-0.06,15.384,15.866,16.251,57215.4,51547.51,79224.98
2018-03-28,15.34,16.61,15.64,15.2,64563.83,0.16,1.03,15.554,15.924,16.251,58976.79,52905.12,78557.34
2018-03-27,15.31,15.69,15.48,15.3,50215.0,0.29,1.91,15.696,15.975,16.25,58268.28,53908.64,77462.9
2018-03-26,14.88,15.27,15.19,14.01,46265.99,0.21,1.4,15.87,16.096,16.264,56085.26,56560.18,78450.04
2018-03-23,16.0,16.0,14.98,14.86,81375.2,-1.5,-9.1,16.082,16.265,16.278,53221.07,59122.22,78549.53
2018-03-22,16.35,16.67,16.48,16.24,52463.94,0.13,0.8,16.348,16.429,16.281,45879.63,59779.37,75646.38
2018-03-21,16.49,16.8,16.35,16.33,61021.29,0.0,0.0,16.294,16.472,16.214,46833.45,68618.82,74263.79
2018-03-20,16.16,16.5,16.35,16.1,39299.9,0.1,0.61,16.254,16.557,16.146,49548.99,82099.62,72403.5
2018-03-19,16.28,16.37,16.25,16.1,31945.01,-0.06,-0.37,16.322,16.589,16.074,57035.09,91207.22,72550.57
2018-03-16,16.21,16.46,16.31,16.1,44668.0,0.1,0.62,16.448,16.592,15.998,65023.38,98222.72,72509.59
2018-03-15,16.12,16.59,16.21,16.07,57233.05,0.06,0.37,16.51,16.635,15.902,73679.11,106902.44,72272.94
2018-03-14,16.6,16.6,16.15,16.08,74599.0,-0.54,-3.23,16.65,16.578,15.842,90404.2,104209.55,72207.5
2018-03-13,16.84,17.21,16.69,16.62,76730.41,-0.19,-1.13,16.86,16.525,15.747,114650.24,101017.15,69984.18
2018-03-12,16.63,16.95,16.88,16.54,71886.42,0.26,1.56,16.856,16.431,15.619,125379.34,100339.9,68326.49
2018-03-09,16.41,16.82,16.62,16.41,87946.66,-0.29,-1.72,16.736,16.291,15.523,131422.07,97976.83,65603.28
2018-03-08,17.3,17.5,16.91,16.82,140858.5,-0.29,-1.69,16.76,16.133,15.447,140125.77,91513.38,62706.26
2018-03-07,16.56,17.48,17.2,16.4,195829.2,0.53,3.18,16.506,15.955,15.351,118014.91,79908.75,58199.0
2018-03-06,16.0,17.25,16.67,15.87,130375.91,0.39,2.4,16.19,15.735,15.287,87384.07,62707.39,50736.94
2018-03-05,16.55,16.99,16.28,16.18,102100.08,-0.46,-2.75,16.006,15.558,15.279,75300.47,53893.92,45357.39
2018-03-02,15.5,17.0,16.74,15.43,131465.17,1.1,7.03,15.846,15.404,15.295,64531.59,46796.46,42385.89
2018-03-01,15.62,15.68,15.64,15.47,30304.17,0.02,0.13,15.506,15.169,15.306,42900.99,37643.44,38556.54
2018-02-28,15.58,15.85,15.62,15.47,42675.0,-0.13,-0.82,15.404,15.105,15.366,41802.6,40205.44,39075.93
2018-02-27,15.69,16.13,15.75,15.3,69957.91,0.27,1.74,15.28,14.968,15.427,38030.7,38951.2,38446.18
2018-02-26,15.99,16.0,15.48,15.31,48255.69,0.44,2.93,15.11,14.807,15.48,32487.36,36313.09,36449.74
2018-02-23,15.2,15.25,15.04,14.93,23312.19,-0.09,-0.59,14.962,14.755,15.548,29061.33,33229.72,35565.31
2018-02-22,15.17,15.31,15.13,15.1,24812.21,0.13,0.87,14.832,14.76,15.628,32385.89,33899.14,35850.15
2018-02-14,14.77,15.02,15.0,14.68,23815.52,0.1,0.67,14.806,14.747,15.713,38608.28,36489.24,35961.34
2018-02-13,14.75,15.55,14.9,14.68,42241.21,0.16,1.08,14.656,14.838,15.813,39871.69,38766.49,37127.37
2018-02-12,14.47,14.83,14.74,14.47,31125.5,0.35,2.43,14.504,14.999,15.909,40138.81,36820.87,36402.46
2018-02-09,14.69,14.86,14.39,14.18,39935.0,-0.61,-4.07,14.548,15.186,16.007,37398.12,37975.32,37276.94
2018-02-08,14.1,15.5,15.0,14.1,55924.15,0.75,5.26,14.688,15.443,16.144,35412.38,39469.65,36831.63
2018-02-07,14.28,14.75,14.25,13.89,30132.61,0.11,0.78,14.688,15.627,16.254,34370.21,37946.43,35925.97
2018-02-06,14.78,14.78,14.14,13.93,43576.78,-0.82,-5.48,15.02,15.886,16.405,37661.29,37941.17,37725.78
2018-02-05,14.88,15.08,14.96,14.6,17422.04,-0.13,-0.86,15.494,16.152,16.582,33502.93,36586.38,39725.56
2018-02-02,15.0,15.27,15.09,14.51,30006.33,0.09,0.6,15.824,16.34,16.703,38552.52,37900.89,41270.21
2018-02-01,15.9,16.09,15.0,14.5,50713.29,-0.91,-5.72,16.198,16.495,16.829,43526.91,37801.17,44543.03
2018-01-31,16.22,16.5,15.91,15.9,46588.0,-0.6,-3.63,16.566,16.679,16.948,41522.65,35433.44,44499.89
2018-01-30,16.7,16.75,16.51,16.5,22785.0,-0.1,-0.6,16.752,16.787,17.023,38221.05,35488.24,45109.22
2018-01-29,16.86,16.94,16.61,16.52,42669.96,-0.35,-2.06,16.81,16.818,17.057,39669.84,35984.04,45769.02
2018-01-26,16.8,17.21,16.96,16.71,54878.29,0.12,0.71,16.856,16.827,17.076,37249.27,36578.57,44694.8
2018-01-25,16.88,17.08,16.84,16.82,40692.0,0.0,0.0,16.792,16.844,17.074,32075.42,34193.61,43405.84
2018-01-24,16.81,16.88,16.84,16.59,30080.0,0.04,0.24,16.792,16.88,17.08,29344.22,33905.51,42868.16
2018-01-23,16.88,16.98,16.8,16.76,30028.93,-0.04,-0.24,16.822,16.923,17.092,32755.44,37510.38,42907.47
2018-01-22,16.55,16.95,16.84,16.52,30567.14,0.2,1.2,16.826,17.011,17.096,32298.25,42864.74,42872.67
2018-01-19,16.9,16.94,16.64,16.6,29009.04,-0.2,-1.19,16.798,17.066,17.11,35907.87,44639.53,42471.96
2018-01-18,16.89,17.08,16.84,16.76,27035.99,-0.15,-0.88,16.896,17.162,17.14,36311.8,51284.89,42392.75
2018-01-17,16.82,17.3,16.99,16.41,47136.08,0.17,1.01,16.968,17.217,17.159,38466.8,53566.34,42992.28
2018-01-16,16.7,16.95,16.82,16.7,27743.0,0.12,0.72,17.024,17.258,17.186,42265.33,54730.2,43206.45
2018-01-15,17.13,17.16,16.7,16.62,48615.25,-0.43,-2.51,17.196,17.296,17.213,53431.24,55554.0,43135.7
2018-01-12,17.19,17.28,17.13,17.12,31028.67,-0.07,-0.41,17.334,17.324,17.246,53371.19,52811.03,42216.39
2018-01-11,17.27,17.32,17.2,17.03,37811.0,-0.07,-0.41,17.428,17.303,17.259,66257.98,52618.06,42193.6
2018-01-10,17.76,17.83,17.27,17.1,66128.71,-0.41,-2.32,17.466,17.279,17.276,68665.88,51830.82,42261.45
2018-01-09,17.33,17.87,17.68,17.33,83572.55,0.29,1.67,17.492,17.26,17.293,67195.07,48304.57,42815.41
2018-01-08,17.29,17.49,17.39,17.2,48315.0,-0.21,-1.19,17.396,17.181,17.283,57676.76,42880.6,40309.98
2018-01-05,17.3,18.0,17.6,17.21,95462.64,0.21,1.21,17.314,17.154,17.287,52250.87,40304.4,40659.03
2018-01-04,17.6,17.6,17.39,17.3,49850.51,-0.01,-0.06,17.178,17.117,17.29,38978.14,33500.62,39745.6
2018-01-03,17.25,17.52,17.4,17.09,58774.65,0.2,1.16,17.092,17.1,17.279,34995.76,32418.22,39422.58
2018-01-02,16.98,17.32,17.2,16.98,35981.0,0.22,1.3,17.028,17.114,17.269,29414.06,31682.7,38772.28
2017-12-29,16.93,17.05,16.98,16.9,21185.56,0.06,0.35,16.966,17.13,17.297,28084.44,30717.4,38753.43
2017-12-28,16.7,17.09,16.92,16.7,29099.0,-0.04,-0.24,16.994,17.167,17.339,28357.92,31621.74,39724.62
2017-12-27,17.03,17.13,16.96,16.93,29938.57,-0.12,-0.7,17.056,17.215,17.394,28023.1,31769.14,42472.06
2017-12-26,16.92,17.21,17.08,16.9,30866.17,0.19,1.12,17.108,17.272,17.486,29840.68,32692.09,46745.9
2017-12-25,17.13,17.3,16.89,16.83,29332.9,-0.23,-1.34,17.2,17.326,17.502,33951.34,37326.26,46938.95
2017-12-22,17.3,17.3,17.12,17.1,22552.97,-0.11,-0.64,17.294,17.385,17.518,33350.36,37739.36,46943.75
2017-12-21,17.07,17.35,17.23,16.96,27424.87,0.01,0.06,17.34,17.42,17.521,34885.56,41013.67,47346.02
2017-12-20,17.4,17.51,17.22,17.16,39026.47,-0.32,-1.82,17.374,17.462,17.53,35515.19,45990.58,47993.67
2017-12-19,17.29,18.0,17.54,17.28,51419.47,0.18,1.04,17.436,17.458,17.558,35543.49,46426.94,48149.25
2017-12-18,17.35,17.49,17.36,17.28,26328.0,0.01,0.06,17.452,17.424,17.589,40701.18,45861.87,49467.93
2017-12-15,17.38,17.56,17.35,17.29,30229.0,-0.05,-0.29,17.476,17.463,17.592,42128.37,46789.46,50644.91
2017-12-14,17.52,17.59,17.4,17.26,30573.0,-0.13,-0.74,17.5,17.511,17.609,47141.77,47827.5,52722.24
2017-12-13,17.48,17.62,17.53,17.29,39168.0,-0.09,-0.51,17.55,17.573,17.686,56465.98,53174.98,53253.16
2017-12-12,17.49,18.2,17.62,17.48,77207.89,0.14,0.8,17.48,17.699,17.747,57310.38,60799.71,53708.31
2017-12-11,17.48,17.55,17.48,17.31,33463.97,0.01,0.06,17.396,17.677,17.819,51022.56,56551.65,52799.23
2017-12-08,17.46,17.62,17.47,17.23,55296.0,-0.18,-1.02,17.45,17.651,17.913,51450.55,56148.14,53337.08
2017-12-07,17.18,18.1,17.65,17.02,77194.02,0.47,2.74,17.522,17.622,18.015,48513.22,53678.37,52540.03
2017-12-06,17.19,17.2,17.18,16.63,43390.0,-0.02,-0.12,17.596,17.597,18.115,49883.99,49996.77,51042.93
2017-12-05,17.76,17.99,17.2,17.0,45768.8,-0.55,-3.1,17.918,17.658,18.235,64289.05,49871.57,51099.14
2017-12-04,17.82,18.08,17.75,17.65,35603.92,-0.08,-0.45,17.958,17.754,18.352,62080.74,53074.0,51092.94
2017-12-01,17.89,18.1,17.83,17.72,40609.37,-0.19,-1.05,17.852,17.721,18.449,60845.73,54500.36,50908.49
2017-11-30,18.45,18.65,18.02,18.0,84047.84,-0.77,-4.1,17.722,17.707,18.538,58843.51,57616.99,50921.61
2017-11-29,17.43,19.07,18.79,17.3,115415.3,1.39,7.99,17.598,17.799,18.627,50109.55,53331.33,49125.37
2017-11-28,17.08,17.5,17.4,17.05,34727.28,0.18,1.04,17.398,17.795,18.694,35454.09,46616.91,45614.37
2017-11-27,17.2,17.6,17.22,17.14,29428.87,0.04,0.23,17.55,17.96,18.836,44067.25,49046.81,46416.9
2017-11-24,17.4,17.54,17.18,17.1,30598.26,-0.22,-1.26,17.59,18.174,18.997,48154.98,50526.01,50138.66
2017-11-23,17.79,18.19,17.4,17.38,40378.02,-0.39,-2.19,17.692,18.407,19.148,56390.46,51401.69,51179.11
2017-11-22,18.0,18.16,17.79,17.66,42138.0,-0.37,-2.04,18.0,18.633,19.302,56553.12,52089.1,51586.71
2017-11-21,17.68,18.51,18.16,17.4,77793.12,0.74,4.25,18.192,18.811,19.433,57779.73,52326.71,51961.1
2017-11-20,17.5,17.75,17.42,16.71,49867.49,-0.27,-1.53,18.37,18.95,19.541,54026.36,49111.88,50336.73
2017-11-17,18.94,19.0,17.69,17.2,71775.69,-1.25,-6.6,18.758,19.176,19.692,52897.05,47316.63,49889.56
2017-11-16,18.76,19.09,18.94,18.67,41191.3,0.19,1.01,19.122,19.368,19.824,46412.92,44226.23,48860.07
2017-11-15,19.0,19.19,18.75,18.67,48271.04,-0.3,-1.57,19.266,19.455,19.886,47625.08,44919.4,49979.35
2017-11-14,19.4,19.45,19.05,19.0,59026.3,-0.31,-1.6,19.43,19.592,19.969,46873.69,44611.83,51427.39
2017-11-13,19.5,19.6,19.36,19.32,44220.9,-0.15,-0.77,19.53,19.711,20.063,44197.39,43787.0,53844.78
2017-11-10,19.58,19.77,19.51,19.46,39355.07,-0.15,-0.76,19.594,19.82,20.123,41736.22,49751.32,57149.43
2017-11-09,19.46,19.84,19.66,19.46,47252.09,0.09,0.46,19.614,19.888,20.209,42039.54,50956.53,62219.3
2017-11-08,19.49,19.73,19.57,19.44,44514.11,0.02,0.1,19.644,19.97,20.31,42213.72,51084.31,75057.17
2017-11-07,19.72,19.78,19.55,19.38,45644.78,-0.13,-0.66,19.754,20.054,20.455,42349.96,51595.5,90760.75
2017-11-06,19.65,19.89,19.68,19.6,31915.04,0.07,0.36,19.892,20.132,20.499,43376.6,51561.58,90797.82
2017-11-03,19.81,19.94,19.61,19.59,40871.68,-0.2,-1.01,20.046,20.208,20.532,57766.41,52462.48,91387.77
2017-11-02,20.09,20.12,19.81,19.8,48122.99,-0.31,-1.54,20.162,20.279,20.561,59873.51,53493.91,91909.5
2017-11-01,20.24,20.34,20.12,20.1,45195.31,-0.12,-0.59,20.296,20.317,20.566,59954.9,55039.3,91824.88
2017-10-31,20.4,20.44,20.24,20.1,50778.0,-0.21,-1.03,20.354,20.346,20.569,60841.03,58242.96,91680.5
2017-10-30,20.16,20.7,20.45,19.5,103864.08,0.26,1.29,20.372,20.414,20.567,59746.56,63902.57,91885.81
2017-10-27,20.46,20.55,20.19,20.16,51407.19,-0.29,-1.42,20.37,20.425,20.547,47158.55,64547.55,91112.0
2017-10-26,20.34,20.57,20.48,20.33,48529.94,0.07,0.34,20.396,20.529,20.57,47114.31,73482.08,92587.66
2017-10-25,20.33,20.6,20.41,20.31,49625.94,0.08,0.39,20.338,20.65,20.603,50123.7,99030.03,93462.66
2017-10-24,20.6,20.6,20.33,20.24,45305.65,-0.11,-0.54,20.338,20.856,20.646,55644.89,129926.01,94167.9
2017-10-23,20.26,20.48,20.44,20.2,40924.03,0.12,0.59,20.456,20.866,20.694,68058.57,130034.05,94503.5
2017-10-20,20.21,20.58,20.32,19.92,51186.0,0.13,0.64,20.48,20.856,20.745,81936.55,130313.05,95442.61
2017-10-19,20.6,20.74,20.19,20.0,63576.89,-0.22,-1.08,20.662,20.842,20.791,99849.84,130325.09,95884.78
2017-10-18,20.76,20.8,20.41,20.4,77231.87,-0.51,-2.44,20.962,20.815,20.845,147936.35,128610.45,98476.23
2017-10-17,20.25,21.37,20.92,20.25,107374.08,0.36,1.75,21.374,20.792,20.91,204207.13,125118.04,99123.56
2017-10-16,21.27,21.28,20.56,20.52,110313.93,-0.67,-3.16,21.276,20.72,20.96,192009.53,119869.05,101441.23
2017-10-13,21.01,21.58,21.23,21.0,140752.42,-0.46,-2.12,21.232,20.668,21.012,178689.55,117676.45,104625.54
2017-10-12,22.71,23.25,21.69,21.41,304009.47,-0.78,-3.47,21.022,20.61,21.058,160800.34,111693.25,104653.66
2017-10-11,20.5,22.47,22.47,20.5,358585.75,2.04,9.98,20.668,20.556,21.099,109284.55,87895.28,100346.6
2017-10-10,20.29,20.45,20.43,20.16,46386.1,0.09,0.44,20.21,20.436,21.088,46028.95,58409.79,88588.46
2017-10-09,20.42,20.48,20.34,20.21,43714.0,0.16,0.79,20.164,20.521,21.188,47728.56,58972.95,91717.58
2017-09-29,20.05,20.45,20.18,20.05,51306.38,0.26,1.3,20.104,20.634,21.29,56663.35,60572.17,95853.55
2017-09-28,20.18,20.35,19.92,19.9,46430.5,-0.26,-1.29,20.198,20.739,21.402,62586.17,61444.47,101813.76
2017-09-27,20.18,20.39,20.18,20.03,42307.75,-0.02,-0.1,20.444,20.875,21.514,66506.02,68342.02,104216.84
2017-09-26,19.79,20.38,20.2,19.79,54884.15,0.16,0.8,20.662,21.027,21.613,70790.64,73129.08,108780.22
2017-09-25,20.64,20.64,20.04,19.8,88387.97,-0.61,-2.95,20.878,21.2,21.73,70217.34,83013.41,116191.93
2017-09-22,21.09,21.21,20.65,20.62,80920.47,-0.5,-2.36,21.164,21.356,21.83,64480.99,91574.64,117645.48
2017-09-21,21.26,21.5,21.15,21.1,66029.75,-0.12,-0.56,21.28,21.505,21.895,60302.76,97614.07,118400.49
2017-09-20,21.2,21.37,21.27,21.05,63730.85,-0.01,-0.05,21.306,21.642,21.932,70178.01,112797.93,123065.39
2017-09-19,21.5,21.66,21.28,21.26,52017.68,-0.19,-0.89,21.392,21.74,21.99,75467.53,118767.14,131398.39
2017-09-18,21.29,21.6,21.47,21.21,59706.2,0.24,1.13,21.522,21.855,22.088,95809.48,124462.22,146324.75
2017-09-15,21.31,21.53,21.23,21.16,60029.34,-0.05,-0.23,21.548,21.946,22.151,118668.29,131134.93,152070.66
2017-09-14,21.63,21.76,21.28,21.15,115406.0,-0.42,-1.94,21.73,22.065,22.236,134925.38,142183.06,163170.34
2017-09-13,21.73,21.89,21.7,21.58,90178.43,-0.23,-1.05,21.978,22.153,22.292,155417.84,140091.67,169654.24
2017-09-12,21.63,22.4,21.93,21.62,153727.45,0.33,1.53,22.088,22.199,22.316,162066.74,144431.35,173807.27
2017-09-11,22.01,22.17,21.6,21.47,174000.23,-0.54,-2.44,22.188,22.259,22.319,153114.95,149370.44,174150.31
2017-09-08,22.4,22.68,22.14,22.1,141314.78,-0.38,-1.69,22.344,22.304,22.317,143601.57,143716.31,170726.28
2017-09-07,22.26,22.8,22.52,22.01,217868.31,0.27,1.21,22.4,22.285,22.278,149440.74,139186.9,170956.02
2017-09-06,22.44,22.59,22.25,22.2,123422.94,-0.18,-0.8,22.328,22.222,22.234,124765.5,133332.85,170108.3
2017-09-05,22.47,22.6,22.43,22.22,108968.51,0.05,0.22,22.31,22.239,22.25,126795.95,144029.64,178662.47
2017-09-04,22.23,22.62,22.38,22.2,126433.31,-0.04,-0.18,22.33,22.321,22.187,145625.93,168187.27,177835.04
2017-09-01,22.21,22.8,22.42,22.04,170510.64,0.26,1.17,22.264,22.355,22.13,143831.06,173006.39,177971.15
2017-08-31,22.16,22.44,22.16,22.02,94492.09,0.0,0.0,22.17,22.406,22.099,128933.07,184157.62,177410.84
2017-08-30,22.49,22.49,22.16,22.03,133575.22,-0.37,-1.64,22.116,22.43,22.116,141900.21,199216.82,182890.23
2017-08-29,22.05,22.88,22.53,21.95,203118.41,0.48,2.18,22.168,22.432,22.124,161263.32,203183.2,188187.12
2017-08-28,21.96,22.28,22.05,21.92,117458.92,0.1,0.46,22.312,22.379,22.123,190748.61,198930.17,188542.3
2017-08-25,21.78,22.2,21.95,21.7,96020.69,0.06,0.27,22.446,22.329,22.122,202181.73,197736.25,189357.38
2017-08-24,22.3,22.64,21.89,21.8,159327.81,-0.53,-2.36,22.642,22.27,22.133,239382.17,202725.14,193662.45
2017-08-23,23.03,23.28,22.42,22.33,230390.78,-0.83,-3.57,22.744,22.245,22.18,256533.43,206883.76,202118.37
2017-08-22,22.55,23.64,23.25,22.21,350544.84,0.53,2.33,22.696,22.261,22.181,245103.08,213295.3,212380.48
2017-08-21,23.02,23.43,22.72,22.56,174624.52,-0.21,-0.92,22.446,22.052,22.138,207111.73,187482.81,213614.87
2017-08-18,22.19,23.18,22.93,22.02,282022.91,0.53,2.37,22.212,21.905,22.02,193290.78,182935.91,210358.71
2017-08-17,22.2,23.2,22.4,21.91,245084.08,0.22,0.99,21.898,21.792,21.878,166068.11,170664.06,202197.07
2017-08-16,22.0,22.45,22.18,21.71,173239.05,0.18,0.82,21.746,21.802,21.782,157234.08,166563.65,197336.08
2017-08-15,21.5,22.45,22.0,21.49,160588.09,0.45,2.09,21.826,21.816,21.711,181487.52,173191.04,197286.53
2017-08-14,21.16,21.78,21.55,21.16,105519.77,0.19,0.89,21.658,21.866,21.63,167853.88,178154.42,197218.18
2017-08-11,21.21,22.16,21.36,21.1,145909.56,-0.28,-1.29,21.598,21.915,21.551,172581.03,180978.52,204418.05
2017-08-10,22.39,22.47,21.64,21.4,200913.95,-0.94,-4.16,21.686,21.996,21.591,175260.01,184599.77,206940.47
2017-08-09,21.16,22.99,22.58,21.08,294506.25,1.42,6.71,21.858,22.114,21.648,175893.21,197352.99,210553.67
2017-08-08,21.21,21.44,21.16,21.01,92419.89,-0.09,-0.42,21.806,22.101,21.699,164894.56,211465.66,220786.84
2017-08-07,21.79,21.79,21.25,21.05,129155.5,-0.55,-2.52,22.074,22.224,21.727,188454.96,239746.93,227543.0
2017-08-04,22.33,22.75,21.8,21.61,159304.47,-0.7,-3.11,22.232,22.134,21.754,189376.0,237781.52,233008.97
2017-08-03,22.0,22.77,22.5,21.93,204079.92,0.18,0.81,22.306,21.963,21.751,193939.52,233730.08,237344.53
2017-08-02,22.28,22.82,22.32,21.4,239513.0,-0.18,-0.8,22.37,21.762,21.704,218812.78,228108.51,239423.57
2017-08-01,22.03,22.99,22.5,21.95,210221.92,0.46,2.09,22.396,21.606,21.663,258036.76,221382.03,239417.61
2017-07-31,22.01,22.38,22.04,21.9,133760.69,-0.13,-0.59,22.374,21.394,21.604,291038.89,216281.94,241503.01
2017-07-28,22.34,22.79,22.17,22.13,182122.08,-0.65,-2.85,22.036,21.186,21.57,286187.04,227857.59,249790.88
2017-07-27,22.46,23.19,22.82,21.81,328446.22,0.37,1.65,21.62,21.186,21.52,273520.64,229281.17,255429.95
2017-07-26,22.7,23.46,22.45,22.02,435632.88,0.06,0.27,21.154,21.181,21.402,237404.24,223754.36,248792.11
2017-07-25,20.25,22.39,22.39,20.08,375232.59,2.04,10.03,20.816,21.297,21.297,184727.29,230108.03,230108.03
2017-07-24,19.91,20.85,20.35,19.91,109501.43,0.26,1.29,20.414,21.176,21.176,141524.98,213983.08,213983.08
2017-07-21,20.6,20.6,20.09,20.0,118790.09,-0.4,-1.95,20.336,21.279,21.279,169528.14,227043.28,227043.28
2017-07-20,20.53,20.99,20.49,20.34,147864.2,-0.27,-1.3,20.752,21.449,21.449,185041.69,242508.03,242508.03
2017-07-19,20.59,21.0,20.76,20.03,172248.16,0.38,1.86,21.208,21.608,21.608,210104.47,258282.0,258282.0
2017-07-18,19.83,20.57,20.38,19.22,159221.02,0.42,2.1,21.778,21.778,21.778,275488.76,275488.76,275488.76
2017-07-17,21.91,22.22,19.96,19.95,249517.22,-2.21,-9.97,22.128,22.128,22.128,304555.7,304555.7,304555.7
2017-07-14,22.5,23.0,22.17,21.89,196357.84,-0.6,-2.63,22.85,22.85,22.85,322901.86,322901.86,322901.86
2017-07-13,23.21,23.86,22.77,22.6,273178.12,-0.84,-3.56,23.19,23.19,23.19,386173.87,386173.87,386173.87
2017-07-12,23.5,24.79,23.61,23.04,499169.62,-0.35,-1.46,23.61,23.61,23.61,499169.62,499169.62,499169.62
